{
  "senzor": [
    63.94797897338867,
    184.27259826660156,
    22.032806396484375,
    65.64483642578125
  ],
  "odkladani": [
    231.14141845703125,
    3.951340675354004,
    -49.57978820800781,
    -4.237518787384033
  ]
}